Year,Area,Item,average_rain_fall_mm_per_year,pesticides_tonnes,avg_temp,hg/ha_yield
1990,India,Wheat,1160,280,28.3,1905.0
1990,India,Rice,1938,131,13.9,2003.4
1990,India,Maize,1782,97,18.34,2307.2
1990,India,Barley,430,159,11.41,890.9
1990,India,Soybean,1815,423,15.31,2335.9
1990,USA,Wheat,1255,286,25.44,1634.6
1990,USA,Rice,321,262,20.8,1132.8
1990,USA,Maize,774,68,20.0,1030.2
1990,USA,Barley,1275,280,21.4,2052.0
1990,USA,Soybean,862,373,22.86,2038.0
1990,Brazil,Wheat,1828,140,31.5,2073.4
1990,Brazil,Rice,2368,338,11.63,2841.1
1990,Brazil,Maize,900,325,24.08,1905.2
1990,Brazil,Barley,2912,395,27.11,3214.5
1990,Brazil,Soybean,1778,437,22.38,3014.6
1990,China,Wheat,334,215,19.78,1060.4
1990,China,Rice,1321,399,15.2,2473.8
1990,China,Maize,1800,200,31.06,2084.4
1990,China,Barley,461,211,32.37,736.1
1990,China,Soybean,1115,280,12.21,2055.9
1990,Australia,Wheat,1575,199,18.13,2195.7
1990,Australia,Rice,637,376,30.72,1875.4
1990,Australia,Maize,2564,261,25.18,2813.4
1990,Australia,Barley,1480,24,14.13,1946.7
1990,Australia,Soybean,2868,353,19.87,3448.7
1990,Nigeria,Wheat,1795,72,30.39,1868.1
1990,Nigeria,Rice,691,172,29.75,977.3
1990,Nigeria,Maize,2096,499,18.96,2525.2
1990,Nigeria,Barley,2482,210,25.58,3078.8
1990,Nigeria,Soybean,802,416,26.72,2010.4
1990,Argentina,Wheat,2446,181,25.94,3045.4
1990,Argentina,Rice,1870,458,19.57,3158.3
1990,Argentina,Maize,1785,140,29.02,1634.8
1990,Argentina,Barley,802,264,16.4,1799.6
1990,Argentina,Soybean,692,216,20.69,1331.7
1991,India,Wheat,1784,188,10.79,2437.3
1991,India,Rice,863,105,27.39,1110.5
1991,India,Maize,2578,246,23.5,2859.4
1991,India,Barley,1359,22,11.92,1710.0
1991,India,Soybean,2119,75,25.61,2162.1
1991,USA,Wheat,2993,293,30.09,3234.5
1991,USA,Rice,1663,295,32.08,2238.6
1991,USA,Maize,1829,357,18.91,2177.1
1991,USA,Barley,1708,386,26.19,2508.5
1991,USA,Soybean,2975,470,31.52,3362.8
1991,Brazil,Wheat,1009,465,23.35,1820.7
1991,Brazil,Rice,1557,181,16.1,2272.6
1991,Brazil,Maize,1931,481,27.58,2343.0
1991,Brazil,Barley,2153,451,34.06,2792.8
1991,Brazil,Soybean,1936,122,34.94,2141.4
1991,China,Wheat,2460,11,22.57,2329.3
1991,China,Rice,1154,494,18.63,2108.9
1991,China,Maize,1961,139,23.27,2343.1
1991,China,Barley,1995,207,16.05,2684.5
1991,China,Soybean,502,193,15.94,1394.2
1991,Australia,Wheat,593,289,21.76,1443.8
1991,Australia,Rice,497,479,23.39,1872.7
1991,Australia,Maize,2491,106,13.77,2253.1
1991,Australia,Barley,2811,358,31.46,3413.2
1991,Australia,Soybean,2255,412,27.78,2860.2
1991,Nigeria,Wheat,446,157,26.13,1228.5
1991,Nigeria,Rice,788,426,19.94,1833.0
1991,Nigeria,Maize,2685,369,13.44,3738.6
1991,Nigeria,Barley,2820,443,33.12,3799.8
1991,Nigeria,Soybean,1934,272,26.5,2171.2
1991,Argentina,Wheat,923,69,16.52,1607.2
1991,Argentina,Rice,1627,263,32.43,1539.3
1991,Argentina,Maize,1483,18,16.97,1710.7
1991,Argentina,Barley,2555,140,31.41,2062.9
1991,Argentina,Soybean,1996,417,31.27,2742.1
1992,India,Wheat,1743,431,26.72,2242.2
1992,India,Rice,2857,482,26.59,3843.7
1992,India,Maize,2219,375,23.72,3109.0
1992,India,Barley,1256,178,14.4,1795.8
1992,India,Soybean,697,286,14.47,1487.9
1992,USA,Wheat,2219,401,31.23,2664.9
1992,USA,Rice,939,42,23.56,1553.6
1992,USA,Maize,769,384,16.26,1889.6
1992,USA,Barley,2385,239,19.83,2624.7
1992,USA,Soybean,2099,292,20.86,2330.6
1992,Brazil,Wheat,1097,106,24.42,1804.4
1992,Brazil,Rice,1804,462,15.75,3024.7
1992,Brazil,Maize,958,13,10.61,734.3
1992,Brazil,Barley,316,181,33.51,755.7
1992,Brazil,Soybean,1369,382,32.09,2429.3
1992,China,Wheat,2068,46,33.21,1910.3
1992,China,Rice,601,190,24.31,1316.7
1992,China,Maize,1292,125,17.36,2090.0
1992,China,Barley,2306,170,17.92,2132.6
1992,China,Soybean,2365,290,19.87,2838.3
1992,Australia,Wheat,869,332,24.25,1907.7
1992,Australia,Rice,925,297,26.78,1728.2
1992,Australia,Maize,454,499,31.93,1825.9
1992,Australia,Barley,545,185,23.82,1248.8
1992,Australia,Soybean,837,364,16.41,1640.5
1992,Nigeria,Wheat,824,325,22.78,1905.4
1992,Nigeria,Rice,335,182,14.86,1258.4
1992,Nigeria,Maize,2859,409,11.27,3874.5
1992,Nigeria,Barley,2818,152,19.39,3197.5
1992,Nigeria,Soybean,2123,224,26.8,1928.4
1992,Argentina,Wheat,874,199,17.16,1238.6
1992,Argentina,Rice,2917,351,16.26,3554.0
1992,Argentina,Maize,1137,280,19.0,1722.6
1992,Argentina,Barley,2960,490,30.7,3612.0
1992,Argentina,Soybean,304,112,12.13,1221.9
1993,India,Wheat,1291,381,20.28,2458.0
1993,India,Rice,568,379,22.91,1652.3
1993,India,Maize,1982,154,19.97,2479.9
1993,India,Barley,1381,448,16.27,2311.1
1993,India,Soybean,416,327,30.9,1069.8
1993,USA,Wheat,2231,138,14.33,2429.5
1993,USA,Rice,1419,135,12.35,1881.7
1993,USA,Maize,787,246,17.0,1222.6
1993,USA,Barley,1512,496,26.43,2517.3
1993,USA,Soybean,2594,460,16.19,3488.3
1993,Brazil,Wheat,1296,95,10.36,2096.2
1993,Brazil,Rice,1543,78,12.35,1359.9
1993,Brazil,Maize,2073,455,27.59,2495.5
1993,Brazil,Barley,2565,483,22.29,3345.1
1993,Brazil,Soybean,1935,298,21.62,2283.8
1993,China,Wheat,2370,259,25.4,2996.0
1993,China,Rice,2789,105,31.41,2451.1
1993,China,Maize,815,25,11.76,1342.4
1993,China,Barley,2605,485,24.64,3281.6
1993,China,Soybean,1151,161,26.93,1647.5
1993,Australia,Wheat,2727,42,21.46,2741.0
1993,Australia,Rice,1936,277,19.65,2322.3
1993,Australia,Maize,1491,339,15.17,2003.1
1993,Australia,Barley,2744,21,12.52,3009.0
1993,Australia,Soybean,2846,251,27.08,3356.0
1993,Nigeria,Wheat,389,273,19.63,1629.9
1993,Nigeria,Rice,1925,427,16.52,3130.8
1993,Nigeria,Maize,1125,123,25.72,1300.8
1993,Nigeria,Barley,1028,286,34.19,1727.5
1993,Nigeria,Soybean,2192,466,24.21,3181.5
1993,Argentina,Wheat,1422,45,19.3,2032.6
1993,Argentina,Rice,2443,161,31.68,2694.6
1993,Argentina,Maize,336,277,20.72,1139.6
1993,Argentina,Barley,2626,226,15.96,3190.2
1993,Argentina,Soybean,1596,378,22.63,2685.5
1994,India,Wheat,1028,351,17.44,1368.0
1994,India,Rice,2524,109,10.27,2366.5
1994,India,Maize,375,274,17.98,1385.2
1994,India,Barley,1150,376,12.08,1619.2
1994,India,Soybean,695,34,23.84,853.6
1994,USA,Wheat,1467,66,12.84,1869.2
1994,USA,Rice,1365,195,11.44,1589.6
1994,USA,Maize,933,142,28.43,1478.1
1994,USA,Barley,534,340,12.93,1564.9
1994,USA,Soybean,1253,410,12.53,2215.1
1994,Brazil,Wheat,1497,150,15.56,1734.0
1994,Brazil,Rice,2981,203,12.03,2834.5
1994,Brazil,Maize,1745,348,24.53,2210.7
1994,Brazil,Barley,2156,351,30.32,2633.6
1994,Brazil,Soybean,516,310,28.83,813.5
1994,China,Wheat,2110,454,19.45,2567.5
1994,China,Rice,390,211,32.66,445.4
1994,China,Maize,472,150,20.13,1113.3
1994,China,Barley,1381,157,12.97,2117.1
1994,China,Soybean,1194,370,28.61,1795.1
1994,Australia,Wheat,2296,357,34.05,2400.3
1994,Australia,Rice,1831,378,12.07,3028.1
1994,Australia,Maize,1233,126,34.08,1452.6
1994,Australia,Barley,984,169,23.9,1700.2
1994,Australia,Soybean,1472,89,23.19,1325.7
1994,Nigeria,Wheat,1552,173,23.85,1880.1
1994,Nigeria,Rice,2394,242,15.42,2387.0
1994,Nigeria,Maize,1696,63,24.61,1891.7
1994,Nigeria,Barley,770,450,32.88,1516.2
1994,Nigeria,Soybean,1267,367,21.39,2200.7
1994,Argentina,Wheat,672,17,14.24,1104.2
1994,Argentina,Rice,389,145,18.83,589.9
1994,Argentina,Maize,839,229,19.01,1678.1
1994,Argentina,Barley,2246,456,23.4,3402.8
1994,Argentina,Soybean,2336,221,25.07,2811.1
1995,India,Wheat,1224,406,32.77,1715.5
1995,India,Rice,689,91,20.42,1237.0
1995,India,Maize,2138,418,20.46,3164.8
1995,India,Barley,1097,251,23.79,1145.7
1995,India,Soybean,1315,298,29.44,1498.6
1995,USA,Wheat,523,248,13.76,1628.8
1995,USA,Rice,362,226,34.25,1193.1
1995,USA,Maize,988,470,11.59,1718.5
1995,USA,Barley,810,394,10.34,2154.6
1995,USA,Soybean,817,485,30.32,2182.4
1995,Brazil,Wheat,1968,367,32.83,2002.1
1995,Brazil,Rice,1013,467,19.45,1633.9
1995,Brazil,Maize,2804,375,16.29,3514.3
1995,Brazil,Barley,1016,269,15.72,2073.6
1995,Brazil,Soybean,787,297,11.17,1205.9
1995,China,Wheat,1874,163,22.45,2037.7
1995,China,Rice,2465,268,23.0,2545.0
1995,China,Maize,2284,63,34.2,2600.2
1995,China,Barley,1062,322,24.75,2012.1
1995,China,Soybean,1552,350,25.98,1755.8
1995,Australia,Wheat,734,112,13.41,1440.1
1995,Australia,Rice,1629,107,25.92,1592.0
1995,Australia,Maize,2782,456,28.16,3104.0
1995,Australia,Barley,465,490,29.59,1597.1
1995,Australia,Soybean,1058,115,31.56,892.8
1995,Nigeria,Wheat,1096,397,21.48,1856.0
1995,Nigeria,Rice,1653,282,16.46,2704.8
1995,Nigeria,Maize,368,43,25.52,574.2
1995,Nigeria,Barley,504,135,25.84,1165.8
1995,Nigeria,Soybean,2206,120,13.22,2054.6
1995,Argentina,Wheat,2442,468,13.47,3273.9
1995,Argentina,Rice,1199,369,27.41,1703.1
1995,Argentina,Maize,2187,204,22.88,2599.8
1995,Argentina,Barley,2269,70,14.81,2209.1
1995,Argentina,Soybean,1328,475,16.96,2670.8
1996,India,Wheat,2881,414,23.72,3539.6
1996,India,Rice,2580,21,15.16,2499.4
1996,India,Maize,2268,87,18.25,2727.9
1996,India,Barley,2596,56,25.7,2169.8
1996,India,Soybean,1379,359,13.92,1729.0
1996,USA,Wheat,636,35,31.71,268.7
1996,USA,Rice,924,364,14.61,2039.1
1996,USA,Maize,602,136,33.1,947.6
1996,USA,Barley,773,37,19.22,715.2
1996,USA,Soybean,664,163,10.92,1059.0
1996,Brazil,Wheat,1182,16,27.18,1623.8
1996,Brazil,Rice,2710,248,10.76,2829.4
1996,Brazil,Maize,2206,24,12.62,2316.6
1996,Brazil,Barley,784,37,10.5,1548.2
1996,Brazil,Soybean,1596,240,12.23,1759.5
1996,China,Wheat,836,154,18.57,815.1
1996,China,Rice,1903,403,29.73,2139.1
1996,China,Maize,1469,120,24.6,1638.2
1996,China,Barley,2381,120,28.64,2226.4
1996,China,Soybean,2942,51,17.09,2801.7
1996,Australia,Wheat,1605,329,24.27,2650.3
1996,Australia,Rice,2662,374,18.26,3071.0
1996,Australia,Maize,1612,446,12.54,2765.2
1996,Australia,Barley,1905,121,14.02,2467.8
1996,Australia,Soybean,2697,104,11.39,2387.7
1996,Nigeria,Wheat,1058,396,23.11,1446.3
1996,Nigeria,Rice,528,45,34.93,168.1
1996,Nigeria,Maize,767,229,32.93,1588.3
1996,Nigeria,Barley,945,127,16.45,1348.5
1996,Nigeria,Soybean,2321,444,30.52,2632.6
1996,Argentina,Wheat,1146,212,24.29,1531.9
1996,Argentina,Rice,2520,309,15.13,2891.7
1996,Argentina,Maize,1441,333,20.64,1836.4
1996,Argentina,Barley,831,122,23.25,676.3
1996,Argentina,Soybean,2437,151,17.22,2883.4
1997,India,Wheat,2217,148,33.3,2580.6
1997,India,Rice,2326,268,11.3,2972.8
1997,India,Maize,2339,19,23.72,2321.0
1997,India,Barley,2519,395,18.06,3265.6
1997,India,Soybean,1919,330,13.47,2388.5
1997,USA,Wheat,2294,408,21.79,2851.3
1997,USA,Rice,1418,314,31.27,2404.7
1997,USA,Maize,535,443,13.11,1557.9
1997,USA,Barley,1460,427,14.53,2422.7
1997,USA,Soybean,2860,305,28.04,3188.6
1997,Brazil,Wheat,2155,358,13.49,3177.1
1997,Brazil,Rice,1552,279,29.99,1789.7
1997,Brazil,Maize,1024,174,30.36,1241.6
1997,Brazil,Barley,377,419,32.7,1412.6
1997,Brazil,Soybean,2072,51,19.81,1856.5
1997,China,Wheat,2163,304,27.84,2859.0
1997,China,Rice,2769,362,28.69,2794.3
1997,China,Maize,1292,162,18.88,1670.8
1997,China,Barley,2297,318,32.66,3093.0
1997,China,Soybean,2270,207,33.5,2285.0
1997,Australia,Wheat,1502,465,27.34,2357.2
1997,Australia,Rice,1946,166,22.39,2141.9
1997,Australia,Maize,1554,420,29.71,2335.1
1997,Australia,Barley,1420,494,29.46,2117.4
1997,Australia,Soybean,1577,205,24.25,1950.1
1997,Nigeria,Wheat,816,132,28.87,745.1
1997,Nigeria,Rice,2232,168,19.47,2802.9
1997,Nigeria,Maize,2563,445,19.93,2897.1
1997,Nigeria,Barley,2394,333,28.06,2429.6
1997,Nigeria,Soybean,394,124,27.35,580.7
1997,Argentina,Wheat,1093,308,24.98,1899.6
1997,Argentina,Rice,310,263,32.71,995.9
1997,Argentina,Maize,1011,32,21.55,958.3
1997,Argentina,Barley,662,405,32.8,1626.6
1997,Argentina,Soybean,1284,490,10.45,2729.7
1998,India,Wheat,655,333,29.75,1696.5
1998,India,Rice,2163,136,13.81,2467.3
1998,India,Maize,2228,60,28.41,1913.3
1998,India,Barley,1730,266,12.83,2191.7
1998,India,Soybean,1945,429,13.12,3106.8
1998,USA,Wheat,2154,447,22.97,3322.5
1998,USA,Rice,2234,158,19.48,2216.4
1998,USA,Maize,501,445,29.69,1658.9
1998,USA,Barley,1236,300,19.95,1925.3
1998,USA,Soybean,1925,84,33.07,2279.3
1998,Brazil,Wheat,774,427,32.96,1782.6
1998,Brazil,Rice,1238,452,21.31,1859.3
1998,Brazil,Maize,1505,161,24.44,1460.6
1998,Brazil,Barley,1009,353,17.79,1619.3
1998,Brazil,Soybean,362,159,15.5,1333.6
1998,China,Wheat,1792,58,14.45,1488.1
1998,China,Rice,988,157,20.37,1375.7
1998,China,Maize,1386,198,14.61,1684.7
1998,China,Barley,2092,233,11.68,2236.8
1998,China,Soybean,2782,388,29.99,3018.7
1998,Australia,Wheat,2379,167,14.77,2517.5
1998,Australia,Rice,1800,295,30.91,1738.9
1998,Australia,Maize,2365,266,29.39,2304.1
1998,Australia,Barley,493,485,22.03,1365.1
1998,Australia,Soybean,2001,444,13.88,3246.0
1998,Nigeria,Wheat,354,368,28.83,1507.9
1998,Nigeria,Rice,1781,476,26.1,2494.8
1998,Nigeria,Maize,2434,64,13.9,2113.2
1998,Nigeria,Barley,1132,322,15.55,2377.1
1998,Nigeria,Soybean,2306,452,22.64,2849.4
1998,Argentina,Wheat,2926,60,26.32,2460.6
1998,Argentina,Rice,2443,97,28.06,1986.8
1998,Argentina,Maize,2838,409,19.93,3053.1
1998,Argentina,Barley,481,478,20.16,1961.2
1998,Argentina,Soybean,1243,475,10.33,2615.1
1999,India,Wheat,2498,94,10.66,2459.8
1999,India,Rice,1214,45,26.07,881.5
1999,India,Maize,813,394,30.44,2049.0
1999,India,Barley,1045,395,19.08,1553.2
1999,India,Soybean,695,29,25.6,1291.0
1999,USA,Wheat,1579,231,19.07,1586.5
1999,USA,Rice,2190,351,29.49,2751.1
1999,USA,Maize,2979,68,32.36,2322.6
1999,USA,Barley,1035,218,22.12,1250.8
1999,USA,Soybean,2873,18,23.54,2335.0
1999,Brazil,Wheat,1604,368,15.45,2141.7
1999,Brazil,Rice,2841,13,13.31,2193.7
1999,Brazil,Maize,2957,224,27.08,3379.8
1999,Brazil,Barley,2475,350,30.38,2416.2
1999,Brazil,Soybean,2381,26,20.13,2752.5
1999,China,Wheat,1701,85,15.16,2252.2
1999,China,Rice,641,478,16.59,1588.9
1999,China,Maize,945,228,24.94,1229.6
1999,China,Barley,2072,318,14.38,2833.8
1999,China,Soybean,1001,131,20.55,986.3
1999,Australia,Wheat,2145,372,14.61,3005.9
1999,Australia,Rice,1694,291,11.71,2598.1
1999,Australia,Maize,1619,20,18.89,1258.3
1999,Australia,Barley,486,304,25.26,1053.2
1999,Australia,Soybean,397,64,26.59,936.7
1999,Nigeria,Wheat,705,78,22.09,1260.1
1999,Nigeria,Rice,1050,157,14.05,1256.5
1999,Nigeria,Maize,664,491,25.58,1706.4
1999,Nigeria,Barley,1824,82,11.88,1520.4
1999,Nigeria,Soybean,1964,226,27.62,2362.0
1999,Argentina,Wheat,2389,34,16.16,1947.6
1999,Argentina,Rice,1552,117,27.37,1678.9
1999,Argentina,Maize,401,363,12.58,1533.0
1999,Argentina,Barley,1340,339,27.26,1973.4
1999,Argentina,Soybean,311,327,33.95,901.3
2000,India,Wheat,2099,488,30.16,3079.6
2000,India,Rice,1808,383,25.93,2152.1
2000,India,Maize,2813,98,26.17,2754.7
2000,India,Barley,788,374,26.75,1397.9
2000,India,Soybean,1077,25,33.13,1498.3
2000,USA,Wheat,2117,478,21.83,2821.3
2000,USA,Rice,634,126,28.28,1358.4
2000,USA,Maize,1821,324,33.61,2361.7
2000,USA,Barley,1289,381,31.11,1883.1
2000,USA,Soybean,1766,499,26.11,2674.7
2000,Brazil,Wheat,1482,161,15.75,1537.1
2000,Brazil,Rice,1421,140,27.41,2077.7
2000,Brazil,Maize,482,480,11.63,1755.3
2000,Brazil,Barley,2844,13,29.77,2923.5
2000,Brazil,Soybean,315,435,31.92,1251.8
2000,China,Wheat,610,236,31.75,1055.5
2000,China,Rice,550,256,14.64,1078.6
2000,China,Maize,1931,236,11.75,2712.3
2000,China,Barley,328,455,12.21,1367.3
2000,China,Soybean,544,245,25.69,1107.3
2000,Australia,Wheat,2071,248,19.96,2878.2
2000,Australia,Rice,1220,368,23.06,2057.4
2000,Australia,Maize,2350,438,18.87,3236.3
2000,Australia,Barley,2333,333,27.89,2545.5
2000,Australia,Soybean,731,202,32.76,1635.2
2000,Nigeria,Wheat,2932,408,19.61,3308.5
2000,Nigeria,Rice,1263,149,33.91,1773.3
2000,Nigeria,Maize,2408,494,12.24,3501.0
2000,Nigeria,Barley,1106,449,32.1,1804.8
2000,Nigeria,Soybean,310,71,25.34,288.6
2000,Argentina,Wheat,2911,269,15.79,3367.9
2000,Argentina,Rice,1633,382,30.77,2127.7
2000,Argentina,Maize,525,322,15.51,1660.9
2000,Argentina,Barley,2853,268,30.66,3027.8
2000,Argentina,Soybean,2096,63,34.23,2148.5
2001,India,Wheat,1844,108,24.93,2193.9
2001,India,Rice,1896,388,19.91,2782.7
2001,India,Maize,1149,71,34.91,714.1
2001,India,Barley,459,236,15.61,802.1
2001,India,Soybean,1192,98,24.82,1810.4
2001,USA,Wheat,1680,107,21.44,2294.6
2001,USA,Rice,2982,485,21.92,3330.4
2001,USA,Maize,1220,235,31.55,1650.5
2001,USA,Barley,1786,49,33.29,1587.9
2001,USA,Soybean,1254,235,20.21,2245.1
2001,Brazil,Wheat,337,337,27.39,844.7
2001,Brazil,Rice,1925,411,12.03,2556.7
2001,Brazil,Maize,2011,470,32.36,3197.2
2001,Brazil,Barley,892,123,22.38,958.8
2001,Brazil,Soybean,617,358,32.66,1205.0
2001,China,Wheat,1891,49,26.95,2199.3
2001,China,Rice,2296,246,28.35,2260.3
2001,China,Maize,2683,177,16.13,2909.1
2001,China,Barley,2004,278,30.93,2193.9
2001,China,Soybean,2016,179,12.65,2510.3
2001,Australia,Wheat,2769,197,13.97,3215.5
2001,Australia,Rice,856,323,21.64,1144.4
2001,Australia,Maize,2882,435,13.22,3405.4
2001,Australia,Barley,1874,424,10.03,2503.9
2001,Australia,Soybean,888,486,16.47,2478.7
2001,Nigeria,Wheat,1547,22,25.42,1139.4
2001,Nigeria,Rice,1556,26,12.9,2032.8
2001,Nigeria,Maize,999,457,23.5,2152.2
2001,Nigeria,Barley,1307,335,17.08,1998.8
2001,Nigeria,Soybean,885,242,34.07,1681.3
2001,Argentina,Wheat,1735,69,14.49,1417.1
2001,Argentina,Rice,1288,287,33.43,2133.1
2001,Argentina,Maize,783,251,33.68,982.6
2001,Argentina,Barley,1340,21,11.68,1902.2
2001,Argentina,Soybean,1185,202,11.45,1356.5
2002,India,Wheat,2557,315,34.75,3014.1
2002,India,Rice,584,213,28.74,831.8
2002,India,Maize,1247,390,19.59,1609.7
2002,India,Barley,1206,42,18.09,945.9
2002,India,Soybean,2806,67,10.03,2759.5
2002,USA,Wheat,1753,235,34.93,2499.1
2002,USA,Rice,2744,498,14.09,3936.3
2002,USA,Maize,2504,84,15.52,2145.0
2002,USA,Barley,2010,471,15.75,2850.5
2002,USA,Soybean,1862,204,33.77,2306.9
2002,Brazil,Wheat,1288,30,32.74,1631.0
2002,Brazil,Rice,383,271,29.0,1010.4
2002,Brazil,Maize,1710,266,18.02,2652.8
2002,Brazil,Barley,2280,172,10.78,2852.2
2002,Brazil,Soybean,1091,21,24.07,1165.1
2002,China,Wheat,2555,36,34.2,2203.0
2002,China,Rice,1284,154,12.28,1731.4
2002,China,Maize,890,36,31.12,670.8
2002,China,Barley,2734,358,13.28,3462.4
2002,China,Soybean,1859,325,34.19,2710.3
2002,Australia,Wheat,826,162,10.03,1338.5
2002,Australia,Rice,1559,349,20.76,2414.6
2002,Australia,Maize,1316,453,11.61,2342.7
2002,Australia,Barley,416,395,29.94,1217.4
2002,Australia,Soybean,1387,214,13.74,2188.2
2002,Nigeria,Wheat,573,487,19.81,1599.3
2002,Nigeria,Rice,906,175,17.29,1201.9
2002,Nigeria,Maize,1028,298,33.82,1504.2
2002,Nigeria,Barley,1715,276,22.01,1790.9
2002,Nigeria,Soybean,1876,410,12.57,2240.1
2002,Argentina,Wheat,1995,472,22.47,2400.3
2002,Argentina,Rice,2439,157,18.65,3013.7
2002,Argentina,Maize,2251,251,18.16,2122.2
2002,Argentina,Barley,2572,298,32.06,3258.0
2002,Argentina,Soybean,2936,125,18.95,2511.3
2003,India,Wheat,2541,175,24.19,2825.9
2003,India,Rice,2469,152,15.0,3015.2
2003,India,Maize,727,314,33.79,1187.7
2003,India,Barley,2286,132,10.79,2757.9
2003,India,Soybean,2570,425,17.47,3446.3
2003,USA,Wheat,1587,337,27.85,1982.1
2003,USA,Rice,1407,327,25.31,1908.5
2003,USA,Maize,2354,468,32.37,3394.5
2003,USA,Barley,321,419,22.02,1000.6
2003,USA,Soybean,1108,197,28.29,1967.5
2003,Brazil,Wheat,2434,21,13.99,2149.3
2003,Brazil,Rice,1566,131,18.23,2081.5
2003,Brazil,Maize,984,401,31.8,1579.2
2003,Brazil,Barley,994,297,22.45,1757.7
2003,Brazil,Soybean,2289,411,26.33,2937.9
2003,China,Wheat,611,370,22.33,1928.5
2003,China,Rice,2037,252,27.01,1955.5
2003,China,Maize,2282,216,16.44,2424.2
2003,China,Barley,2048,168,20.4,1793.4
2003,China,Soybean,703,302,18.65,1342.9
2003,Australia,Wheat,2879,453,11.0,3787.2
2003,Australia,Rice,907,114,20.97,859.9
2003,Australia,Maize,1835,237,31.84,2040.6
2003,Australia,Barley,2097,304,16.92,2486.4
2003,Australia,Soybean,485,255,18.98,1350.2
2003,Nigeria,Wheat,829,49,30.9,1188.2
2003,Nigeria,Rice,1093,17,20.13,1184.1
2003,Nigeria,Maize,1922,307,15.94,2325.2
2003,Nigeria,Barley,301,384,20.33,1738.5
2003,Nigeria,Soybean,852,327,12.43,1591.3
2003,Argentina,Wheat,1946,23,22.87,2358.1
2003,Argentina,Rice,429,240,14.09,1572.3
2003,Argentina,Maize,2340,37,16.45,2009.5
2003,Argentina,Barley,560,458,29.34,2021.6
2003,Argentina,Soybean,600,416,21.34,1492.6
2004,India,Wheat,929,279,18.27,1722.5
2004,India,Rice,2101,341,30.72,2311.6
2004,India,Maize,2480,285,24.7,3278.0
2004,India,Barley,2860,322,14.18,3769.2
2004,India,Soybean,1607,130,25.14,1980.2
2004,USA,Wheat,2320,213,21.87,2559.3
2004,USA,Rice,1955,53,21.16,1824.4
2004,USA,Maize,2042,399,15.15,3236.1
2004,USA,Barley,2239,379,34.67,3170.5
2004,USA,Soybean,2858,302,33.42,3352.2
2004,Brazil,Wheat,2466,44,21.3,2603.8
2004,Brazil,Rice,1382,334,12.58,2337.8
2004,Brazil,Maize,1529,21,13.71,1820.1
2004,Brazil,Barley,2589,225,27.15,2374.7
2004,Brazil,Soybean,516,315,34.33,737.5
2004,China,Wheat,1546,193,22.89,1570.9
2004,China,Rice,1218,437,23.31,1765.3
2004,China,Maize,2731,135,17.7,2612.8
2004,China,Barley,2269,243,28.32,2025.0
2004,China,Soybean,2333,350,12.35,3217.9
2004,Australia,Wheat,1681,14,34.08,1206.0
2004,Australia,Rice,2658,128,33.62,3015.2
2004,Australia,Maize,2461,475,25.45,3311.3
2004,Australia,Barley,602,241,29.21,1657.5
2004,Australia,Soybean,2163,354,27.24,2966.0
2004,Nigeria,Wheat,1610,473,30.67,2230.3
2004,Nigeria,Rice,1392,370,12.66,1946.0
2004,Nigeria,Maize,1309,201,11.21,1921.1
2004,Nigeria,Barley,1412,185,28.81,1967.5
2004,Nigeria,Soybean,2936,168,28.46,2723.2
2004,Argentina,Wheat,793,141,26.69,1102.5
2004,Argentina,Rice,2744,498,17.93,3375.9
2004,Argentina,Maize,1654,138,13.01,2290.1
2004,Argentina,Barley,754,98,18.21,681.1
2004,Argentina,Soybean,1010,152,27.39,1665.1
2005,India,Wheat,2952,482,24.91,3811.5
2005,India,Rice,2638,437,10.37,3146.7
2005,India,Maize,1261,439,22.51,1745.7
2005,India,Barley,2675,313,31.18,3377.2
2005,India,Soybean,2976,230,18.53,2666.5
2005,USA,Wheat,1456,491,23.17,2889.1
2005,USA,Rice,2063,280,19.86,2353.8
2005,USA,Maize,1649,311,27.95,2551.7
2005,USA,Barley,2774,30,14.89,2465.3
2005,USA,Soybean,2138,126,32.45,2429.9
2005,Brazil,Wheat,2127,212,19.5,2253.6
2005,Brazil,Rice,1088,150,18.79,1783.5
2005,Brazil,Maize,1657,390,25.43,2223.3
2005,Brazil,Barley,2841,36,33.24,2167.4
2005,Brazil,Soybean,2638,145,17.78,2641.6
2005,China,Wheat,1981,11,16.82,2081.6
2005,China,Rice,2437,354,23.06,2689.0
2005,China,Maize,1362,406,14.61,2713.5
2005,China,Barley,2659,250,24.18,2682.4
2005,China,Soybean,1251,45,20.61,1769.7
2005,Australia,Wheat,2098,319,23.76,2453.8
2005,Australia,Rice,2008,371,12.81,2360.3
2005,Australia,Maize,1600,223,24.84,1502.6
2005,Australia,Barley,820,280,25.27,1340.3
2005,Australia,Soybean,1956,134,32.65,1657.3
2005,Nigeria,Wheat,1019,58,15.92,1064.0
2005,Nigeria,Rice,1903,59,28.3,1968.4
2005,Nigeria,Maize,445,412,25.6,1916.0
2005,Nigeria,Barley,1762,251,13.82,2333.4
2005,Nigeria,Soybean,782,117,31.57,1173.9
2005,Argentina,Wheat,961,441,17.81,1890.7
2005,Argentina,Rice,1287,464,23.67,2369.9
2005,Argentina,Maize,1268,87,25.8,1370.4
2005,Argentina,Barley,1220,267,16.86,1603.4
2005,Argentina,Soybean,1877,383,21.14,2992.2
2006,India,Wheat,2806,496,18.53,3352.5
2006,India,Rice,1903,227,18.43,2079.1
2006,India,Maize,1490,118,11.99,2051.1
2006,India,Barley,2064,362,24.89,2198.3
2006,India,Soybean,2995,362,15.67,3387.3
2006,USA,Wheat,1007,278,22.98,1772.8
2006,USA,Rice,1255,14,11.75,1073.5
2006,USA,Maize,2496,273,32.0,2783.8
2006,USA,Barley,366,309,18.11,987.7
2006,USA,Soybean,641,335,11.31,1240.7
2006,Brazil,Wheat,2961,218,34.89,2925.9
2006,Brazil,Rice,2121,125,11.5,2642.8
2006,Brazil,Maize,1765,45,34.04,1637.6
2006,Brazil,Barley,2634,312,15.02,2788.0
2006,Brazil,Soybean,2965,455,20.57,3130.3
2006,China,Wheat,956,409,26.62,2295.6
2006,China,Rice,2862,153,19.56,2678.0
2006,China,Maize,647,124,13.81,1143.5
2006,China,Barley,2303,369,29.21,2608.3
2006,China,Soybean,585,158,12.32,1065.8
2006,Australia,Wheat,755,240,31.62,1550.8
2006,Australia,Rice,2807,47,13.98,2707.8
2006,Australia,Maize,780,160,16.58,1355.2
2006,Australia,Barley,2708,350,18.66,3439.8
2006,Australia,Soybean,2796,340,30.63,3311.5
2006,Nigeria,Wheat,1989,205,31.83,1943.9
2006,Nigeria,Rice,1742,415,22.42,2340.4
2006,Nigeria,Maize,1639,110,19.78,1344.4
2006,Nigeria,Barley,860,51,23.49,983.1
2006,Nigeria,Soybean,2126,167,31.95,2384.3
2006,Argentina,Wheat,433,76,29.75,1147.9
2006,Argentina,Rice,372,408,20.07,1489.9
2006,Argentina,Maize,429,428,18.65,1799.7
2006,Argentina,Barley,2301,265,33.32,2998.6
2006,Argentina,Soybean,1092,262,31.55,1245.1
2007,India,Wheat,394,279,13.48,1073.4
2007,India,Rice,1121,247,14.37,2145.1
2007,India,Maize,2830,434,30.63,3477.7
2007,India,Barley,2829,401,21.96,3808.6
2007,India,Soybean,836,88,34.08,1459.0
2007,USA,Wheat,427,105,24.86,845.0
2007,USA,Rice,1145,29,20.99,1591.1
2007,USA,Maize,2794,399,10.01,2975.1
2007,USA,Barley,553,139,26.26,923.8
2007,USA,Soybean,2634,14,29.52,2617.0
2007,Brazil,Wheat,2692,139,22.12,2899.4
2007,Brazil,Rice,1576,424,27.38,2291.0
2007,Brazil,Maize,1282,92,14.27,1214.9
2007,Brazil,Barley,1652,165,17.58,2357.8
2007,Brazil,Soybean,2610,89,27.29,2601.1
2007,China,Wheat,2095,112,15.72,1842.8
2007,China,Rice,1682,389,17.66,2766.0
2007,China,Maize,719,133,31.2,1218.2
2007,China,Barley,1808,125,20.12,2262.2
2007,China,Soybean,2344,492,19.19,2758.3
2007,Australia,Wheat,1849,464,28.34,2720.8
2007,Australia,Rice,809,192,20.4,1557.2
2007,Australia,Maize,2752,255,29.76,3074.0
2007,Australia,Barley,2997,480,13.43,3645.3
2007,Australia,Soybean,1200,74,18.09,1912.1
2007,Nigeria,Wheat,541,222,14.97,1723.1
2007,Nigeria,Rice,472,169,22.2,1487.6
2007,Nigeria,Maize,796,197,26.15,1685.3
2007,Nigeria,Barley,2655,265,12.45,3322.5
2007,Nigeria,Soybean,2857,205,31.62,3002.4
2007,Argentina,Wheat,893,241,30.27,1625.7
2007,Argentina,Rice,1759,422,21.49,2056.3
2007,Argentina,Maize,2901,406,13.33,3190.5
2007,Argentina,Barley,316,129,17.89,459.9
2007,Argentina,Soybean,871,57,16.37,656.1
2008,India,Wheat,541,323,16.33,1146.5
2008,India,Rice,1088,293,25.93,1998.1
2008,India,Maize,1075,452,21.25,2495.5
2008,India,Barley,378,410,11.67,1860.7
2008,India,Soybean,2814,78,28.44,2570.8
2008,USA,Wheat,2434,110,11.2,2254.2
2008,USA,Rice,386,52,26.48,582.0
2008,USA,Maize,707,492,10.3,2090.6
2008,USA,Barley,447,286,19.69,1658.7
2008,USA,Soybean,665,237,18.74,1216.6
2008,Brazil,Wheat,1534,400,29.6,2293.2
2008,Brazil,Rice,2789,270,23.74,2884.8
2008,Brazil,Maize,2867,329,20.61,3367.5
2008,Brazil,Barley,1291,377,34.2,1666.8
2008,Brazil,Soybean,659,418,34.4,1481.2
2008,China,Wheat,1262,58,16.39,1796.7
2008,China,Rice,1913,114,26.1,1874.4
2008,China,Maize,418,199,32.4,1185.4
2008,China,Barley,2496,173,17.32,2656.6
2008,China,Soybean,1069,383,22.15,1558.7
2008,Australia,Wheat,2698,409,30.29,3564.5
2008,Australia,Rice,1549,20,11.09,1440.3
2008,Australia,Maize,1235,411,15.62,2317.8
2008,Australia,Barley,787,324,23.75,2024.1
2008,Australia,Soybean,2761,477,13.04,3319.4
2008,Nigeria,Wheat,985,122,26.15,1764.5
2008,Nigeria,Rice,2469,41,17.92,1916.0
2008,Nigeria,Maize,2844,277,32.97,3028.5
2008,Nigeria,Barley,2496,406,15.53,3290.5
2008,Nigeria,Soybean,2227,311,28.21,2767.5
2008,Argentina,Wheat,962,245,11.35,1401.1
2008,Argentina,Rice,897,159,34.62,1222.4
2008,Argentina,Maize,1069,38,27.13,1094.9
2008,Argentina,Barley,582,59,15.34,836.2
2008,Argentina,Soybean,387,53,28.32,814.4
2009,India,Wheat,2768,198,28.59,2838.5
2009,India,Rice,1002,127,24.13,1226.3
2009,India,Maize,1353,304,24.43,1726.1
2009,India,Barley,1434,145,21.54,1876.8
2009,India,Soybean,2476,373,28.16,2893.2
2009,USA,Wheat,2223,113,14.85,2686.9
2009,USA,Rice,1173,363,15.1,1522.4
2009,USA,Maize,1728,393,30.38,2594.6
2009,USA,Barley,1222,75,18.88,950.8
2009,USA,Soybean,1716,429,10.13,2730.5
2009,Brazil,Wheat,613,63,30.82,1281.2
2009,Brazil,Rice,1337,130,33.95,1366.1
2009,Brazil,Maize,2934,409,13.72,3097.0
2009,Brazil,Barley,1424,195,19.21,1717.1
2009,Brazil,Soybean,1455,29,29.51,1152.9
2009,China,Wheat,2128,239,20.32,2976.2
2009,China,Rice,1170,414,10.73,2597.7
2009,China,Maize,2095,197,29.85,1790.5
2009,China,Barley,2620,128,31.86,2253.4
2009,China,Soybean,825,12,11.62,902.8
2009,Australia,Wheat,1378,397,11.32,2318.2
2009,Australia,Rice,461,167,30.12,559.6
2009,Australia,Maize,359,412,22.46,1763.6
2009,Australia,Barley,2558,415,27.39,2677.5
2009,Australia,Soybean,841,323,27.69,1967.9
2009,Nigeria,Wheat,1167,201,23.01,1789.5
2009,Nigeria,Rice,1039,359,18.2,1549.2
2009,Nigeria,Maize,2828,155,19.29,2491.5
2009,Nigeria,Barley,775,260,29.16,1672.4
2009,Nigeria,Soybean,1319,127,26.06,1448.6
2009,Argentina,Wheat,497,269,22.4,757.6
2009,Argentina,Rice,2310,408,20.25,2538.5
2009,Argentina,Maize,2471,84,28.5,2460.8
2009,Argentina,Barley,1136,70,34.49,1473.9
2009,Argentina,Soybean,1272,116,10.6,1396.6
2010,India,Wheat,2328,207,22.95,2922.9
2010,India,Rice,2910,254,11.4,3268.0
2010,India,Maize,1221,78,31.05,1754.3
2010,India,Barley,2303,58,20.88,2452.6
2010,India,Soybean,2608,365,13.34,2942.0
2010,USA,Wheat,937,240,32.6,1833.6
2010,USA,Rice,940,289,28.24,1884.6
2010,USA,Maize,1505,183,25.26,1504.4
2010,USA,Barley,1919,161,21.8,2363.2
2010,USA,Soybean,1731,373,11.11,2360.7
2010,Brazil,Wheat,1543,400,16.17,2091.7
2010,Brazil,Rice,569,129,34.37,768.5
2010,Brazil,Maize,2314,115,31.12,2351.0
2010,Brazil,Barley,1879,338,22.19,2652.3
2010,Brazil,Soybean,1942,93,25.49,2358.7
2010,China,Wheat,1764,30,23.31,2166.1
2010,China,Rice,2310,16,12.16,2156.4
2010,China,Maize,2301,169,26.59,2059.9
2010,China,Barley,1795,152,32.05,2335.5
2010,China,Soybean,1749,163,20.47,2415.5
2010,Australia,Wheat,2489,322,22.36,2431.6
2010,Australia,Rice,1405,78,26.35,1745.5
2010,Australia,Maize,2652,412,17.72,3620.4
2010,Australia,Barley,683,405,18.74,1593.0
2010,Australia,Soybean,2508,187,28.0,2994.4
2010,Nigeria,Wheat,2837,336,27.09,2958.7
2010,Nigeria,Rice,892,161,12.87,1259.9
2010,Nigeria,Maize,2375,451,23.56,2988.4
2010,Nigeria,Barley,476,26,25.32,672.6
2010,Nigeria,Soybean,497,107,22.12,1242.4
2010,Argentina,Wheat,1837,31,31.25,1284.1
2010,Argentina,Rice,397,153,20.29,1056.7
2010,Argentina,Maize,887,353,29.67,1411.9
2010,Argentina,Barley,2279,68,21.48,2447.4
2010,Argentina,Soybean,2590,328,22.43,2534.7
2011,India,Wheat,2738,286,14.12,3003.2
2011,India,Rice,1391,375,28.85,2228.3
2011,India,Maize,2723,241,31.95,3065.9
2011,India,Barley,2975,101,16.39,2798.1
2011,India,Soybean,2405,293,29.3,2663.0
2011,USA,Wheat,2413,418,12.35,3540.9
2011,USA,Rice,2291,53,23.47,1930.1
2011,USA,Maize,1073,176,26.42,1546.2
2011,USA,Barley,2726,187,12.34,3139.4
2011,USA,Soybean,606,276,15.09,1470.9
2011,Brazil,Wheat,307,417,18.92,1186.4
2011,Brazil,Rice,2511,494,25.86,3304.2
2011,Brazil,Maize,1204,56,14.9,1163.2
2011,Brazil,Barley,1427,219,13.95,1907.1
2011,Brazil,Soybean,2733,272,25.34,3353.0
2011,China,Wheat,558,292,16.92,900.2
2011,China,Rice,2833,426,24.95,3387.9
2011,China,Maize,912,425,26.36,1934.0
2011,China,Barley,912,269,29.96,1333.0
2011,China,Soybean,2081,284,32.06,2435.2
2011,Australia,Wheat,2230,311,17.99,2354.1
2011,Australia,Rice,874,118,34.6,1121.2
2011,Australia,Maize,969,278,18.08,2073.4
2011,Australia,Barley,1425,232,26.4,1979.0
2011,Australia,Soybean,1860,140,23.18,2328.2
2011,Nigeria,Wheat,2239,427,15.24,3136.8
2011,Nigeria,Rice,526,198,18.42,896.6
2011,Nigeria,Maize,1695,495,23.52,2320.8
2011,Nigeria,Barley,1718,459,30.54,2862.0
2011,Nigeria,Soybean,2804,222,16.36,3504.6
2011,Argentina,Wheat,1454,85,18.38,2134.4
2011,Argentina,Rice,2503,257,12.18,2810.6
2011,Argentina,Maize,1280,172,13.55,1272.5
2011,Argentina,Barley,2654,440,14.78,2929.4
2011,Argentina,Soybean,2626,185,24.43,2498.5
2012,India,Wheat,2967,148,31.09,3216.7
2012,India,Rice,1230,298,13.16,1719.4
2012,India,Maize,2253,75,17.87,2020.7
2012,India,Barley,455,56,14.37,532.3
2012,India,Soybean,1983,133,34.79,2262.5
2012,USA,Wheat,1154,137,26.07,1451.5
2012,USA,Rice,741,418,15.39,1416.9
2012,USA,Maize,832,236,29.08,1794.8
2012,USA,Barley,2319,469,15.82,3027.0
2012,USA,Soybean,2087,342,32.47,2142.9
2012,Brazil,Wheat,945,260,10.0,1618.0
2012,Brazil,Rice,1677,385,19.49,2057.7
2012,Brazil,Maize,2959,337,13.22,3567.0
2012,Brazil,Barley,1865,343,21.98,2838.2
2012,Brazil,Soybean,580,433,28.5,1198.0
2012,China,Wheat,2961,224,13.19,2766.9
2012,China,Rice,1749,284,30.12,2645.0
2012,China,Maize,2520,336,25.53,2504.7
2012,China,Barley,1959,384,23.32,2888.0
2012,China,Soybean,697,129,27.59,1367.7
2012,Australia,Wheat,2812,295,11.15,3400.1
2012,Australia,Rice,2436,151,24.96,2739.2
2012,Australia,Maize,2681,231,24.97,2424.1
2012,Australia,Barley,1287,273,31.93,1892.3
2012,Australia,Soybean,1921,434,34.73,2311.5
2012,Nigeria,Wheat,994,25,15.99,1565.3
2012,Nigeria,Rice,2779,167,20.73,3127.9
2012,Nigeria,Maize,793,59,24.33,1169.1
2012,Nigeria,Barley,1648,313,30.78,2598.6
2012,Nigeria,Soybean,2344,210,32.74,2290.8
2012,Argentina,Wheat,1358,474,11.62,2397.2
2012,Argentina,Rice,1331,310,27.36,1834.2
2012,Argentina,Maize,2679,447,20.86,3386.6
2012,Argentina,Barley,826,370,18.52,2034.6
2012,Argentina,Soybean,2952,415,25.18,3757.8
2013,India,Wheat,1873,285,29.72,1949.2
2013,India,Rice,431,320,22.81,1295.7
2013,India,Maize,1071,415,29.67,1968.1
2013,India,Barley,1815,203,16.79,2036.1
2013,India,Soybean,1684,266,16.72,2645.0
2013,USA,Wheat,2561,162,10.07,2844.1
2013,USA,Rice,1079,271,11.14,1940.8
2013,USA,Maize,1790,389,21.74,2432.6
2013,USA,Barley,2440,118,22.05,2390.5
2013,USA,Soybean,441,300,21.19,1591.9
2013,Brazil,Wheat,2147,186,22.91,2857.5
2013,Brazil,Rice,2396,311,11.24,2561.4
2013,Brazil,Maize,854,413,12.7,1983.2
2013,Brazil,Barley,2130,350,20.96,2897.4
2013,Brazil,Soybean,617,115,17.34,931.2
2013,China,Wheat,2580,274,30.42,3123.8
2013,China,Rice,852,26,12.85,1423.1
2013,China,Maize,482,50,10.74,1081.2
2013,China,Barley,1817,156,21.26,1679.0
2013,China,Soybean,300,177,20.55,719.5
2013,Australia,Wheat,883,465,26.77,1476.7
2013,Australia,Rice,2792,249,17.42,3158.4
2013,Australia,Maize,2450,485,30.53,3143.7
2013,Australia,Barley,1158,183,11.28,1609.6
2013,Australia,Soybean,1026,186,25.09,1790.9
2013,Nigeria,Wheat,1981,459,26.63,2908.5
2013,Nigeria,Rice,2986,429,19.23,3712.5
2013,Nigeria,Maize,2074,421,23.74,2375.8
2013,Nigeria,Barley,631,387,18.03,1138.5
2013,Nigeria,Soybean,2093,456,26.15,2525.9
2013,Argentina,Wheat,2797,316,24.84,2886.2
2013,Argentina,Rice,1209,219,13.47,1982.5
2013,Argentina,Maize,1863,268,28.1,2411.4
2013,Argentina,Barley,928,11,23.25,917.9
2013,Argentina,Soybean,2235,359,13.55,2450.5
2014,India,Wheat,567,428,21.22,1407.4
2014,India,Rice,2298,483,32.75,3049.9
2014,India,Maize,348,136,18.58,642.6
2014,India,Barley,1731,303,31.14,2116.4
2014,India,Soybean,1430,155,20.1,1681.0
2014,USA,Wheat,674,82,17.66,1159.6
2014,USA,Rice,1353,197,15.66,2118.8
2014,USA,Maize,1774,204,31.44,2358.8
2014,USA,Barley,1364,72,12.47,1184.5
2014,USA,Soybean,2907,169,19.28,3294.8
2014,Brazil,Wheat,1441,109,19.82,2091.6
2014,Brazil,Rice,978,299,14.17,2170.7
2014,Brazil,Maize,306,205,11.12,1375.6
2014,Brazil,Barley,2906,157,18.49,2654.9
2014,Brazil,Soybean,1213,485,10.17,2316.7
2014,China,Wheat,425,404,17.78,1775.2
2014,China,Rice,875,334,23.28,1822.2
2014,China,Maize,1763,213,23.99,1626.5
2014,China,Barley,1948,374,34.3,2888.4
2014,China,Soybean,1699,353,22.64,1912.8
2014,Australia,Wheat,856,269,12.48,1527.0
2014,Australia,Rice,2337,372,19.7,2649.6
2014,Australia,Maize,2141,271,28.91,2875.7
2014,Australia,Barley,544,39,13.25,501.7
2014,Australia,Soybean,2472,46,33.9,2598.6
2014,Nigeria,Wheat,2993,205,34.87,2655.7
2014,Nigeria,Rice,2716,294,17.21,3018.7
2014,Nigeria,Maize,2985,410,19.64,3288.6
2014,Nigeria,Barley,367,78,13.85,615.1
2014,Nigeria,Soybean,2232,171,14.21,2805.5
2014,Argentina,Wheat,1702,352,21.01,2408.5
2014,Argentina,Rice,1677,425,27.73,2675.3
2014,Argentina,Maize,640,439,26.93,1652.7
2014,Argentina,Barley,599,148,23.94,1033.8
2014,Argentina,Soybean,1927,456,13.48,2800.8
2015,India,Wheat,1208,120,30.42,1897.2
2015,India,Rice,2782,282,28.36,3355.0
2015,India,Maize,2451,223,24.23,2925.5
2015,India,Barley,464,496,19.88,1447.4
2015,India,Soybean,2864,154,27.77,3206.5
2015,USA,Wheat,2346,73,24.83,2639.5
2015,USA,Rice,566,319,23.33,996.5
2015,USA,Maize,2593,158,28.65,2589.9
2015,USA,Barley,775,14,29.86,368.4
2015,USA,Soybean,2260,55,10.86,2390.4
2015,Brazil,Wheat,1182,156,22.82,1648.4
2015,Brazil,Rice,2071,317,31.59,2668.9
2015,Brazil,Maize,1551,111,23.06,2189.2
2015,Brazil,Barley,1539,416,19.66,2580.6
2015,Brazil,Soybean,1003,258,19.06,1591.8
2015,China,Wheat,2014,446,34.52,2239.0
2015,China,Rice,903,444,25.05,2109.9
2015,China,Maize,1202,374,21.91,2000.5
2015,China,Barley,2163,125,10.08,2215.6
2015,China,Soybean,1180,234,32.33,1234.7
2015,Australia,Wheat,1646,452,10.77,3055.1
2015,Australia,Rice,2024,296,28.35,2040.7
2015,Australia,Maize,2827,31,27.19,2733.7
2015,Australia,Barley,2133,329,17.48,3164.6
2015,Australia,Soybean,1527,203,18.34,1990.2
2015,Nigeria,Wheat,995,295,33.94,1348.6
2015,Nigeria,Rice,318,379,26.92,855.2
2015,Nigeria,Maize,841,144,11.1,1140.8
2015,Nigeria,Barley,324,46,28.51,614.1
2015,Nigeria,Soybean,440,241,33.43,686.7
2015,Argentina,Wheat,500,136,32.11,896.9
2015,Argentina,Rice,2541,200,12.22,2574.6
2015,Argentina,Maize,1101,439,17.01,1847.7
2015,Argentina,Barley,713,488,11.65,1783.9
2015,Argentina,Soybean,1209,197,24.43,2107.9
2016,India,Wheat,1613,54,33.88,1181.6
2016,India,Rice,657,25,27.04,961.2
2016,India,Maize,2722,171,29.86,2876.0
2016,India,Barley,2669,459,27.75,2958.7
2016,India,Soybean,2458,424,15.81,2950.3
2016,USA,Wheat,1538,471,13.81,2600.3
2016,USA,Rice,1350,127,18.04,1717.6
2016,USA,Maize,2668,410,26.01,3130.3
2016,USA,Barley,1856,412,18.95,2431.3
2016,USA,Soybean,1604,223,14.7,1764.2
2016,Brazil,Wheat,2891,455,21.35,3492.3
2016,Brazil,Rice,1779,63,11.79,1590.3
2016,Brazil,Maize,2759,375,30.56,3058.6
2016,Brazil,Barley,1345,39,23.0,1128.0
2016,Brazil,Soybean,1794,273,16.79,2443.3
2016,China,Wheat,2250,471,32.05,3180.5
2016,China,Rice,653,136,11.36,1395.8
2016,China,Maize,1764,488,14.73,3099.9
2016,China,Barley,2109,105,24.84,1856.8
2016,China,Soybean,1411,315,21.67,1931.1
2016,Australia,Wheat,2672,437,28.52,2882.4
2016,Australia,Rice,967,148,30.67,1380.9
2016,Australia,Maize,436,420,31.66,1323.2
2016,Australia,Barley,2959,347,32.3,2878.2
2016,Australia,Soybean,1406,186,19.43,1869.5
2016,Nigeria,Wheat,2295,188,12.23,2786.7
2016,Nigeria,Rice,770,227,24.12,1655.8
2016,Nigeria,Maize,2310,226,27.6,2929.0
2016,Nigeria,Barley,2522,32,16.36,2152.0
2016,Nigeria,Soybean,1424,426,16.96,2343.6
2016,Argentina,Wheat,2108,461,27.56,2937.8
2016,Argentina,Rice,2036,30,21.89,2191.9
2016,Argentina,Maize,1975,302,11.2,2172.0
2016,Argentina,Barley,1825,313,19.63,2441.7
2016,Argentina,Soybean,1678,312,12.77,2605.7
2017,India,Wheat,2297,236,19.25,3008.1
2017,India,Rice,1778,498,14.65,3011.9
2017,India,Maize,696,109,31.26,989.2
2017,India,Barley,948,338,31.74,1938.0
2017,India,Soybean,1251,479,15.39,2424.9
2017,USA,Wheat,2178,182,10.9,2901.4
2017,USA,Rice,2051,273,26.29,2196.9
2017,USA,Maize,1351,335,26.12,1637.6
2017,USA,Barley,839,497,21.7,1512.2
2017,USA,Soybean,655,30,17.19,638.1
2017,Brazil,Wheat,1848,322,30.58,1869.6
2017,Brazil,Rice,1973,62,16.69,1587.5
2017,Brazil,Maize,857,22,19.48,1325.8
2017,Brazil,Barley,2305,346,13.11,2541.9
2017,Brazil,Soybean,974,418,28.41,1944.1
2017,China,Wheat,2364,277,24.88,2731.4
2017,China,Rice,840,180,31.94,1089.6
2017,China,Maize,2577,330,17.8,2698.6
2017,China,Barley,2812,113,13.29,3313.7
2017,China,Soybean,2005,196,19.56,2544.4
2017,Australia,Wheat,1997,430,16.64,3282.2
2017,Australia,Rice,2059,162,29.33,2630.9
2017,Australia,Maize,2866,253,26.05,2549.3
2017,Australia,Barley,1851,217,17.5,2222.8
2017,Australia,Soybean,1272,144,31.98,1291.8
2017,Nigeria,Wheat,756,169,32.46,842.2
2017,Nigeria,Rice,1779,54,19.95,1974.7
2017,Nigeria,Maize,915,204,27.75,1018.5
2017,Nigeria,Barley,2957,235,22.1,2692.6
2017,Nigeria,Soybean,1447,480,26.79,2364.7
2017,Argentina,Wheat,1925,113,33.57,2074.3
2017,Argentina,Rice,2147,105,26.27,1994.9
2017,Argentina,Maize,2887,287,19.14,3262.2
2017,Argentina,Barley,1413,208,13.52,1436.2
2017,Argentina,Soybean,1717,310,16.91,2284.5
2018,India,Wheat,2803,369,32.66,3515.8
2018,India,Rice,2294,330,18.63,2871.9
2018,India,Maize,515,447,21.75,1646.5
2018,India,Barley,458,498,27.25,1882.9
2018,India,Soybean,2076,379,10.2,3135.8
2018,USA,Wheat,2708,468,11.11,3663.3
2018,USA,Rice,2769,420,29.03,3499.9
2018,USA,Maize,1445,286,34.06,1776.4
2018,USA,Barley,2945,455,21.49,3764.1
2018,USA,Soybean,2649,406,21.46,2718.6
2018,Brazil,Wheat,1289,15,21.14,1276.8
2018,Brazil,Rice,792,244,26.86,1573.0
2018,Brazil,Maize,2678,342,23.18,3456.6
2018,Brazil,Barley,1991,79,12.72,2202.6
2018,Brazil,Soybean,2190,261,34.87,2756.3
2018,China,Wheat,2793,341,16.49,3351.5
2018,China,Rice,2621,28,14.4,2877.8
2018,China,Maize,1185,475,34.53,1811.7
2018,China,Barley,919,380,28.3,1336.2
2018,China,Soybean,1596,116,19.88,2157.0
2018,Australia,Wheat,2797,427,28.93,2942.3
2018,Australia,Rice,2709,17,29.33,2902.9
2018,Australia,Maize,794,103,26.02,619.0
2018,Australia,Barley,2940,196,34.0,3157.0
2018,Australia,Soybean,2177,102,22.47,1856.9
2018,Nigeria,Wheat,2768,83,29.61,3071.3
2018,Nigeria,Rice,2518,478,15.55,3577.9
2018,Nigeria,Maize,1171,331,22.87,2313.1
2018,Nigeria,Barley,1926,287,20.72,2795.6
2018,Nigeria,Soybean,648,460,32.37,1286.7
2018,Argentina,Wheat,309,237,17.22,1308.0
2018,Argentina,Rice,966,43,34.83,1181.5
2018,Argentina,Maize,900,102,22.04,1537.6
2018,Argentina,Barley,1279,413,28.86,2234.6
2018,Argentina,Soybean,573,182,16.28,1638.6
2019,India,Wheat,992,100,20.39,1749.7
2019,India,Rice,2461,266,14.79,3228.9
2019,India,Maize,1727,125,10.69,1838.7
2019,India,Barley,1364,114,15.72,1354.0
2019,India,Soybean,1724,287,31.67,2384.5
2019,USA,Wheat,2260,230,20.78,2315.2
2019,USA,Rice,950,321,24.5,1255.0
2019,USA,Maize,2935,291,30.99,2728.1
2019,USA,Barley,999,208,32.35,1217.7
2019,USA,Soybean,2501,49,20.02,2359.6
2019,Brazil,Wheat,2479,288,21.91,2738.1
2019,Brazil,Rice,2975,118,24.78,2920.2
2019,Brazil,Maize,1691,156,24.85,1973.3
2019,Brazil,Barley,774,333,17.38,2105.4
2019,Brazil,Soybean,2768,394,20.24,3079.0
2019,China,Wheat,339,456,18.3,1993.2
2019,China,Rice,2312,33,18.82,1730.4
2019,China,Maize,589,450,21.58,1335.4
2019,China,Barley,2975,288,33.28,3485.2
2019,China,Soybean,553,190,29.14,1355.0
2019,Australia,Wheat,999,63,19.05,1558.7
2019,Australia,Rice,1973,177,15.65,2708.9
2019,Australia,Maize,511,12,32.07,453.1
2019,Australia,Barley,2138,461,34.17,2327.7
2019,Australia,Soybean,1834,429,28.55,3003.7
2019,Nigeria,Wheat,2232,352,25.24,2778.2
2019,Nigeria,Rice,1168,34,16.32,1785.2
2019,Nigeria,Maize,505,194,19.27,977.3
2019,Nigeria,Barley,2209,237,34.62,2398.0
2019,Nigeria,Soybean,1345,222,23.56,2251.4
2019,Argentina,Wheat,571,68,20.36,1326.2
2019,Argentina,Rice,2379,452,16.73,2892.9
2019,Argentina,Maize,820,474,33.81,1274.9
2019,Argentina,Barley,2852,282,25.04,3030.2
2019,Argentina,Soybean,1434,162,13.25,2206.7
2020,India,Wheat,2156,200,22.72,2700.6
2020,India,Rice,1404,498,21.22,2100.0
2020,India,Maize,403,280,27.86,1493.8
2020,India,Barley,1306,416,13.13,2253.5
2020,India,Soybean,1961,322,16.85,2806.3
2020,USA,Wheat,980,486,13.55,2201.5
2020,USA,Rice,561,349,34.46,1316.2
2020,USA,Maize,860,85,26.78,698.2
2020,USA,Barley,2530,201,22.41,3163.9
2020,USA,Soybean,1797,280,22.67,2633.9
2020,Brazil,Wheat,1451,461,19.61,2736.7
2020,Brazil,Rice,342,381,13.11,981.5
2020,Brazil,Maize,2124,279,31.08,2704.4
2020,Brazil,Barley,2223,225,27.62,2802.2
2020,Brazil,Soybean,1201,386,23.36,1666.2
2020,China,Wheat,2686,202,17.72,2710.6
2020,China,Rice,689,497,14.48,2231.4
2020,China,Maize,1806,156,19.91,2447.7
2020,China,Barley,1781,98,13.93,1932.5
2020,China,Soybean,2775,160,17.91,2381.9
2020,Australia,Wheat,1182,322,29.92,1808.4
2020,Australia,Rice,674,460,31.27,1740.5
2020,Australia,Maize,1533,473,14.07,3023.7
2020,Australia,Barley,412,21,17.19,529.7
2020,Australia,Soybean,2224,292,20.29,3061.3
2020,Nigeria,Wheat,816,66,31.95,533.3
2020,Nigeria,Rice,2465,385,29.59,2763.1
2020,Nigeria,Maize,349,377,18.34,1574.8
2020,Nigeria,Barley,2544,388,11.41,3255.1
2020,Nigeria,Soybean,751,298,26.04,1629.4
2020,Argentina,Wheat,2738,88,12.9,2451.4
2020,Argentina,Rice,427,319,25.03,1132.3
2020,Argentina,Maize,2115,347,33.53,2410.7
2020,Argentina,Barley,868,401,11.69,2047.5
2020,Argentina,Soybean,501,26,12.58,896.0
2021,India,Wheat,1648,421,20.09,2923.5
2021,India,Rice,1791,434,15.11,2837.7
2021,India,Maize,2734,275,22.92,3310.0
2021,India,Barley,507,11,17.19,840.7
2021,India,Soybean,2513,31,13.6,2374.4
2021,USA,Wheat,518,166,33.14,434.0
2021,USA,Rice,2900,447,27.39,3342.1
2021,USA,Maize,895,492,26.21,1850.9
2021,USA,Barley,1457,216,24.09,1428.7
2021,USA,Soybean,780,361,25.25,1837.5
2021,Brazil,Wheat,1766,109,16.24,1725.4
2021,Brazil,Rice,712,461,33.67,1307.9
2021,Brazil,Maize,2308,275,25.31,2457.3
2021,Brazil,Barley,961,444,32.07,2226.1
2021,Brazil,Soybean,1571,287,25.63,1987.5
2021,China,Wheat,324,293,25.69,888.3
2021,China,Rice,1391,16,16.33,1144.5
2021,China,Maize,382,394,15.51,1010.5
2021,China,Barley,2393,115,28.49,2120.5
2021,China,Soybean,475,175,12.55,973.5
2021,Australia,Wheat,2118,63,18.18,2393.6
2021,Australia,Rice,1664,136,30.18,1667.4
2021,Australia,Maize,943,102,22.82,1652.2
2021,Australia,Barley,1571,357,25.33,2093.5
2021,Australia,Soybean,1364,179,27.52,1666.0
2021,Nigeria,Wheat,2386,378,30.46,2470.2
2021,Nigeria,Rice,1803,445,10.34,2803.0
2021,Nigeria,Maize,2340,375,16.77,3397.3
2021,Nigeria,Barley,1101,305,18.87,2247.1
2021,Nigeria,Soybean,1637,170,26.82,1718.4
2021,Argentina,Wheat,1929,313,18.33,2322.9
2021,Argentina,Rice,1873,136,30.57,1906.7
2021,Argentina,Maize,2666,86,29.67,2394.1
2021,Argentina,Barley,2293,367,28.57,3169.7
2021,Argentina,Soybean,902,247,17.29,1535.7
2022,India,Wheat,789,218,33.02,1126.0
2022,India,Rice,594,378,31.63,1778.9
2022,India,Maize,2017,46,26.66,2006.0
2022,India,Barley,744,67,16.21,754.1
2022,India,Soybean,1041,177,21.06,1227.2
2022,USA,Wheat,1942,46,29.6,1878.6
2022,USA,Rice,362,159,29.63,1008.3
2022,USA,Maize,1528,269,24.76,1646.8
2022,USA,Barley,1174,319,10.71,2457.1
2022,USA,Soybean,1122,12,20.24,1472.2
2022,Brazil,Wheat,420,394,33.1,1133.0
2022,Brazil,Rice,1307,422,11.76,2485.0
2022,Brazil,Maize,2368,251,32.04,2696.0
2022,Brazil,Barley,2650,93,21.16,3057.4
2022,Brazil,Soybean,368,138,17.75,835.9
2022,China,Wheat,2630,321,23.83,3171.7
2022,China,Rice,576,70,18.84,463.4
2022,China,Maize,2500,246,17.69,2858.1
2022,China,Barley,866,361,29.66,1739.2
2022,China,Soybean,2325,186,22.64,2811.6
2022,Australia,Wheat,2444,378,12.56,2721.6
2022,Australia,Rice,1329,118,22.58,1734.4
2022,Australia,Maize,2772,127,29.86,2259.0
2022,Australia,Barley,2812,85,31.47,3066.9
2022,Australia,Soybean,2761,322,10.33,3205.5
2022,Nigeria,Wheat,1608,248,26.84,2166.0
2022,Nigeria,Rice,794,121,12.94,1147.8
2022,Nigeria,Maize,896,459,23.3,2020.8
2022,Nigeria,Barley,1929,159,23.53,2038.9
2022,Nigeria,Soybean,1020,135,14.14,1881.6
2022,Argentina,Wheat,798,471,13.04,1564.0
2022,Argentina,Rice,973,210,15.3,1055.4
2022,Argentina,Maize,2553,176,11.44,3037.0
2022,Argentina,Barley,446,127,15.49,866.9
2022,Argentina,Soybean,1987,81,34.66,1541.0
